<!--
  ~ /**
  ~  * Licensed to the Apache Software Foundation (ASF) under one or more
  ~  * contributor license agreements.  See the NOTICE file distributed with
  ~  * this work for additional information regarding copyright ownership.
  ~  * The ASF licenses this file to You under the Apache License, Version 2.0
  ~  * (the "License"); you may not use this file except in compliance with
  ~  * the License.  You may obtain a copy of the License at
  ~  *
  ~  *      http://www.apache.org/licenses/LICENSE-2.0
  ~  *
  ~  * Unless required by applicable law or agreed to in writing, software
  ~  * distributed under the License is distributed on an "AS IS" BASIS,
  ~  * WITHOUT WARRANTIES OR CONDITIONS OF ANY KIND, either express or implied.
  ~  * See the License for the specific language governing permissions and
  ~  * limitations under the License.
  ~  */
  -->

<blueprint xmlns="http://www.osgi.org/xmlns/blueprint/v1.0.0"
           xmlns:xsi="http://www.w3.org/2001/XMLSchema-instance"
           xmlns:cm="http://aries.apache.org/blueprint/xmlns/blueprint-cm/v1.0.0"
           xsi:schemaLocation="http://www.osgi.org/xmlns/blueprint/v1.0.0 http://www.osgi.org/xmlns/blueprint/v1.0.0/blueprint.xsd">

  <bean id="CXFAPINamespaceHandler" class="org.apache.cxf.internal.CXFAPINamespaceHandler"/>

  <service ref="CXFAPINamespaceHandler" interface="org.apache.aries.blueprint.NamespaceHandler">
    <service-properties>
      <entry key="osgi.service.blueprint.namespace" value="http://cxf.apache.org/configuration/beans"/>
    </service-properties>
  </service>
  <service ref="CXFAPINamespaceHandler" interface="org.apache.aries.blueprint.NamespaceHandler">
    <service-properties>
      <entry key="osgi.service.blueprint.namespace" value="http://cxf.apache.org/configuration/parameterized-types"/>
    </service-properties>
  </service>
  <service ref="CXFAPINamespaceHandler" interface="org.apache.aries.blueprint.NamespaceHandler">
    <service-properties>
      <entry key="osgi.service.blueprint.namespace" value="http://cxf.apache.org/configuration/security"/>
    </service-properties>
  </service>
  <!-- additional namespaces that are referenced by cxf configuration schemas -->
  <service ref="CXFAPINamespaceHandler" interface="org.apache.aries.blueprint.NamespaceHandler">
    <service-properties>
      <entry key="osgi.service.blueprint.namespace" value="http://schemas.xmlsoap.org/wsdl/"/>
    </service-properties>
  </service>
  <service ref="CXFAPINamespaceHandler" interface="org.apache.aries.blueprint.NamespaceHandler">
    <service-properties>
      <entry key="osgi.service.blueprint.namespace" value="http://www.w3.org/2005/08/addressing"/>
    </service-properties>
  </service>
  <service ref="CXFAPINamespaceHandler" interface="org.apache.aries.blueprint.NamespaceHandler">
    <service-properties>
      <entry key="osgi.service.blueprint.namespace" value="http://schemas.xmlsoap.org/ws/2004/08/addressing"/>
    </service-properties>
  </service>
</blueprint>
